ID,Name,Email,Age,City
1,Danielle Weaver,wadelindsay@yahoo.com,33,Watkinsview
2,Brandon Moore,brownmarie@gmail.com,43,New Patrick
3,Gregory Brown,greenlaura@gordon-lopez.com,48,West Diane
4,William Huang,doughertynicole@yahoo.com,66,Port Jimmyville
5,Tom Hardin,ilee@ball-welch.com,42,Lauraport
6,Ashley Hicks,jaime83@brown.org,77,Williamsstad
7,Jacob Galvan,emily62@herrera.com,47,Dannymouth
8,Christine Gibson,kimberly70@yahoo.com,75,Port Miguelhaven
9,Melanie Johnson,kellydawn@wright.com,61,Murphyhaven
10,Terry Barnett,willisjames@hotmail.com,54,Lake Brendastad
11,Jessica Rodriguez,kaylahughes@gmail.com,65,Cookburgh
12,Charles Lucas,jose38@parker-bell.org,70,Lake Derektown
13,Kelly Love,hudsoncory@ward.com,45,Port Travisport
14,Ariel White,mryan@bishop.net,75,West Kyleburgh
15,Charles Chan,tashasmith@hotmail.com,34,Kevinshire
16,Katherine Moore,jessica58@hotmail.com,22,Evansshire
17,Michael Collins,jennifer15@hotmail.com,49,Christopherton
18,Tracy Spencer,autumnmedina@yahoo.com,38,West Sandraside
19,Roger Guerrero,brucetaylor@richard-marshall.com,27,Daniellechester
20,Stephanie Hughes,levineethan@hodge.com,41,Brownland
21,Benjamin Hughes,beth99@hotmail.com,21,Carlmouth
22,Gilbert Mckinney,ritajenkins@yahoo.com,45,Lopezport
23,Dr. Thomas Walsh,jamesmcdonald@arroyo.com,58,Aprilborough
24,Brandon Roberts,maryaguirre@mcconnell.com,24,Port Virginiahaven
25,Joseph Harris,driggs@hicks.net,29,Rodriguezstad
26,Robert Garcia,pamelabriggs@lewis-mcintyre.com,62,Benitezbury
27,Tiffany Cummings,umerritt@gmail.com,54,South Nicole
28,Cameron Grimes,pecklisa@cortez.com,56,Timothyton
29,Rebekah Anderson,elizabeth40@yahoo.com,49,Travisberg
30,Michael Rivera,audreygarcia@gmail.com,39,South Patrick
31,Christopher Anderson,amanda22@hotmail.com,68,North Robert
32,Mariah Gonzalez,antonio53@yahoo.com,28,Whitechester
33,Thomas Moreno,abaker@young.net,49,Sandrafort
34,Randy Anderson,cbrown@gmail.com,30,Reynoldsview
35,Madison Johnson,xgrant@phelps.net,22,New Matthewbury
36,Virginia Webb,hernandezpaul@aguilar.net,79,Lake Alexandra
37,Angela Harris,pjohnson@casey.com,71,Griffinfurt
38,Laura Lewis,allen07@yahoo.com,49,Garzaborough
39,Robert Martin,ebrown@gmail.com,51,Hodgesside
40,Jordan Martin,vicki27@gmail.com,33,Greenbury
41,Natasha Martinez,alexis55@yahoo.com,44,Lake Kirsten
42,Carrie Wu,hernandezwilliam@hotmail.com,64,Port Kelly
43,Amanda Barnett,lynn26@morgan.com,61,Barronville
44,Timothy Taylor,holly39@lewis-tanner.org,23,Fergusonmouth
45,Ronald Quinn,scott12@gmail.com,58,Wallfort
46,Morgan Villanueva,ross69@stanley.com,34,Farleyshire
47,Roberta Salazar,belldanielle@yahoo.com,62,South Jorge
48,Brandy Osborne,carlsonshawn@hotmail.com,49,Zimmermanfort
49,Christina Anderson,antoniobooth@hardy-hudson.biz,76,Jessicabury
50,Allison Sanchez,scottdillon@gmail.com,25,Rhondaland
51,Nathaniel Campbell,heather96@yahoo.com,59,West Joseville
52,Mary Hernandez,natasha05@gmail.com,42,Rojasburgh
53,Billy Bowman,jacquelinejones@pearson.com,62,Williamburgh
54,Rachel Kim,crystal90@hill-harrell.com,47,Anitaport
55,Jason White,sherrivazquez@gmail.com,72,Matthewsberg
56,Victoria Garcia,jonesmark@frederick-williams.com,58,Samanthaside
57,Sarah Anderson,martin00@pierce.com,54,New Teresa
58,Ian Wagner,allenjacob@yahoo.com,39,Port Stacieberg
59,Robert Adkins,orozcogeorge@yahoo.com,68,New Emily
60,Russell Morales,paul97@adams.com,51,Claytonshire
61,Joel Greene,amandaknight@boyer.com,36,Robertview
62,Karen Kim,ruizmark@gmail.com,66,Karlamouth
63,Frank Guzman,laurenwalker@knox.com,44,Lake Julie
64,Trevor Parker,jessicabaker@ross.org,76,Port Stephenport
65,Victoria Perez,lolson@yahoo.com,53,West Zacharytown
66,Anthony Sanders,abigail28@kramer.com,54,Michaelshire
67,John Ortiz,ujenkins@gmail.com,46,Markshire
68,Megan Davis,vroman@crane.net,71,Kerryton
69,Joseph Coleman,kevans@schmidt-brewer.com,76,Port Jessicatown
70,Stephanie Lopez,melissabush@yahoo.com,43,Parkerside
71,Matthew Gallagher,maria68@scott.com,80,Brittanyburgh
72,Sean Berger,tylerdaniel@yahoo.com,23,Lake Thomasborough
73,Michael James,stacey08@jefferson.info,30,Valdeztown
74,Kevin Hood,zgarcia@jones.biz,27,Beckerhaven
75,Bailey Gilbert,williemartinez@torres.org,46,East Jason
76,Juan Gill,nicholas86@hotmail.com,37,Port Christopherhaven
77,John Hunter,cuevastony@martinez-rowe.biz,59,South Sandyside
78,William Ortiz,xschwartz@patton-turner.com,37,Port Michaelton
79,Emily Garcia,smithmichael@hotmail.com,43,Russellfort
80,Caleb Shannon,johnsontina@hotmail.com,24,Washingtonberg
81,Jennifer Grant,ashley81@sherman.info,77,Wilkersonfort
82,Jeremy Thompson,kristen69@brown-williams.com,79,Port Joe
83,John Hudson,leenicole@zimmerman.com,19,Port Diane
84,Michael Lozano,stephanie04@gmail.com,33,Davidview
85,Jonathan Campbell,chadcook@hotmail.com,63,New Sheri
86,Matthew Craig,wmack@ballard.com,64,Gonzalesmouth
87,Kathryn Gibson,kjacobs@hotmail.com,71,Savannahport
88,Lauren Brewer,fnelson@williams.info,56,Carsonbury
89,Patrick Gilbert,nancygreen@gmail.com,76,Amandaside
90,Barry Rodgers,martinezjennifer@hotmail.com,71,West Paulbury
91,Ashley Watkins,jessica61@gmail.com,66,Manuelland
92,Joshua Guzman,heidimclaughlin@gmail.com,72,Craigbury
93,Christina Edwards,fernando61@yahoo.com,26,Powellbury
94,Steve Rhodes,kbrown@snyder-harrell.com,46,Boyleville
95,Sara Weaver,amberbrown@williams.net,18,Michellefort
96,Jasmine Howard,qjohnson@yahoo.com,64,Choitown
97,Michelle Hernandez,sharon23@gmail.com,21,Port Christopherburgh
98,Kimberly Johnston,jasmine89@martinez.org,31,North Garyview
99,Christina Harris,zward@garcia-brown.org,21,Port Melissachester
100,Jeff Owen,sandra05@yahoo.com,75,West Angela
